category,question
SCIENCE,"Glycine is the simplest one of these, the essential building blocks of all proteins"
SCIENCE,"(<a href=""http://www.j-archive.com/media/2009-09-29_DJ_17.wmv"">Jimmy of the Clue Crew shows an animation on the monitor.</a>)  Charged particles from the Sun that become trapped in the Earth's magnetic field & interact with gases in the upper atmosphere cause this phenomenon"
SCIENCE,"Metabolic imbalances can cause this, an electrical disturbance that alters the heartbeat"
SCIENCE,"The production of antibodies is stimulated by the presence of these, like viruses, toxins & bacteria"
SCIENCE,Sediments laid down by streams during flooding form this type of plain
SCIENCE,This deficiency of hemoglobin is often accompanied by a reduced  number of red blood cells
SCIENCE,"This adjective means ""having a pH factor of more than 7"""
SCIENCE,"(<a href=""http://www.j-archive.com/media/2008-03-25_DJ_07.wmv"">Jon  of the Clue Crew reports from the lab, holding an inflated balloon.</a>)  If you put a flame up to a balloon it will pop, but if you put water inside the balloon and hold it over a flame it will not pop, because the water does this"
SCIENCE,"The name of this one-celled protozoan comes from the Greek for ""change"""
SCIENCE,"This type of ""shock"" is usually a severe allergic reaction, as to a bee sting"
SCIENCE,"This term for a plant or animal with a marked deficiency of pigmentation comes from the Latin for ""white"""
SCIENCE,"( <a href=""http://www.j-archive.com/media/2007-12-06_J_07.jpg"" target=""_blank"">Cheryl of the Clue Crew delivers the clue from a science lab.</a> ) After five minutes in lemon juice, the <a href=""http://www.j-archive.com/media/2007-12-06_J_07a.jpg"" target=""_blank"">coin is shiny</a> because the lemon's this works chemically to remove the oxide"
SCIENCE,The formula for this hormone is C<sub>9</sub>H<sub>13</sub>NO<sub>3</sub>; can you feel it speeding up your heartbeat?
SCIENCE,"( <a href=""http://www.j-archive.com/media/2007-12-06_J_10.jpg"" target=""_blank"">Jon of the Clue Crew reports from the  University of Mississippi.</a> )  Focused ultrasound waves are propelling the water here at Ol' Miss's cutting edge NCPA -- National Center for Physical these"
SCIENCE,"This inert gas is atomic number 18; you should ""naut"" search any further"
SCIENCE,The 8 essential types of these acids cannot be produced by the human body & must be obtained from food
SCIENCE,Revive yourself & give the name of this compound of nitrogen & hydrogen that has been used for refrigeration
SCIENCE,"(<a href=""http://www.j-archive.com/media/2006-04-20_DJ_08.jpg"" target=""_blank"">Jon of the Clue Crew reports from Duke University in Durham, NC.</a>)  Vaulters can use hollow poles to save weight because this center line of <a href=""http://www.j-archive.com/media/2006-04-20_DJ_08a.jpg"" target=""_blank"">a bent pole</a> is neutral, taking little or no stress"
SCIENCE,"Either dominant or recessive, they can be different forms of the same gene"
SCIENCE,"Probably the most common & best known carnivore of the late Jurassic period, it had a 3-foot-long skull"
SCIENCE,"It's what the ""A"" stands for in AIDS"
SCIENCE,(Kelly of the Clue Crew stands behind a table)   The experiment showing that two objects weighing the same displace different amounts of water because they have different densities was developed by this mathematician
SCIENCE,In the 1920s Edwin Hubble determined that this galaxy was in fact a separate galaxy from the Milky Way
SCIENCE,These are just small masses of lymphoid tissue in the nasopharynx
SCIENCE,This treelike grass with a woody stem is the favored food of pandas
SCIENCE,Toxins from these single-celled organisms can cause diseases like botulism
SCIENCE,It's the theory that the universe was created in a cosmic explosion
SCIENCE,"This attraction between atoms may be ionic, covalent or hydrogen"
SCIENCE,This dark volcanic rock is low in silica content but fairly rich in iron & magnesium
SCIENCE,"The $6 Million Man could tell you that this word lost the ""electro"" from its middle"
SCIENCE,2 men at the U. of Washington's Department of this won the 1992 Nobel Prize for studying cell protein regulation
SCIENCE,"(<a href=""http://www.j-archive.com/media/2006-09-13_DJ_23.wmv"" target=""_blank"">Jon of the Clue Crew sits by a machine that's playing with a shoe at the Nike Campus in Oregon.</a>)  The three main areas studied at the Nike Sport Research Lab are physiology, sensory perception & this, defined as the way forces act on the body"
SCIENCE,"If you doubt the need for a pink-eared antgrubber & a hollow-tailed antgrubber, you aren't recognizing the value of this"
SCIENCE,Biblical-sounding term for the principle that living organisms develop only from other living organisms
SCIENCE,The sandhill type of this tall wading bird breeds from Alaska to Hudson Bay
SCIENCE,"(<a href=""http://www.j-archive.com/media/2011-12-14_DJ_20.wmv"">Jimmy of the Clue Crew swishes a quarter inside an inflated baloon.</a>)  The quarter inside the balloon continues in a circular motion, because the balloon is imposing this inward force, from the Latin for ""seek the center"""
SCIENCE,"Originally, this unit of measure was the amount of radioactivity given off by one gram of radium"
SCIENCE,This type of particle accelerator utilizes a spiraling path
SCIENCE,"The name of this class of mollusks comes from Greek words meaning ""head foot"""
SCIENCE,It's the name of a chemical substance made up of 2 or more elements
SCIENCE,In 1985 Giacobini-Zinner became the first one of these to be intercepted by a spacecraft
SCIENCE,These windstorms spiral clockwise in the Southern Hemisphere & counterclockwise in the Northern
SCIENCE,"When boiled, this fibrous protein found in bones & connective tissue dissolves & forms gelatin"
SCIENCE,It's the force that holds the molecules of a substance together
SCIENCE,"No kidding, the name of this type of wispy cloud is from the Latin for ""curl"""
SCIENCE,It's another name for a canine tooth
SCIENCE,"(<a href=""http://www.j-archive.com/media/2010-04-09_DJ_06.wmv"">Jimmy of the Clue Crew performs a physics demonstration.</a>) When I swing a bucket of water, it doesn't spill, because of this force that pulls it in the center and keeps it from following its path of inertia"
SCIENCE,"The earliest period of the Paleozoic Era, it extends from about 542 to 488 million years ago"
SCIENCE,"(<a href=""http://www.j-archive.com/media/2010-04-09_DJ_08.wmv"">Sarah of the Clue Crew does a demonstration with some falling water.</a>)  The two streams of water form one, because water molecules are so attracted to each other that when they come near, they stick together, a uniting action known as this"
SCIENCE,"Amphibians & fish are described as being poikilothermic, more popularly called this"
SCIENCE,The Gutenberg Discontinuity is the boundary that separates the Earth's mantle from this part
SCIENCE,"The one named for Max Planck is 6.6260755 X 10 (to the negative 34) joule-second, symbolized simply h"
SCIENCE,Simple ones are classified as monosaccharides
SCIENCE,"In order to duplicate itself in cell division, one of these splits into 2 identical strands called chromatids"
SCIENCE,"It's Latin for ""bark"" (like on a tree); the cerebral type is the layer that covers your brain"
SCIENCE,This type of cable has insulated conducting material around a separately insulated conducting tube
SCIENCE,"In an experiment, it's the ""group"" of people not receiving the treatment under study"
SCIENCE,"(<a href=""http://www.j-archive.com/media/2002-05-03_DJ_19.wmv"">Jimmy of the Clue Crew finds some enormous turtles.</a>)  This word, derived from Spanish, refers to the upper part of a turtle's <a href=""http://www.j-archive.com/media/2002-05-03_DJ_19a.jpg"" target=""_blank"">shell</a>"
SCIENCE,This Frenchman showed that the inverse square law applied to the forces between magnetic poles
SCIENCE,"To remove poisonous substances, or to purge an addict's body of harmful substances"
SCIENCE,"A direct current generator, or a person with lots of energy"
SCIENCE,"The mountain ash & honey locust trees share this quality, as becomes evident in autumn"
SCIENCE,Coulomb's law says the force between 2 charges is inversely proportional to the square of this
SCIENCE,"About 1 hydrogen atom in 6,500 is this isotope"
SCIENCE,A 1761 work by the great anatomist Morgagni has records of 640 of these procedures
SCIENCE,"Gold leads all metals in this property, the ability to be drawn into wires without breaking"
SCIENCE,"(<a href=""http://www.j-archive.com/media/2007-05-11_DJ_04.jpg"" target=""_blank"">Jimmy of the Clue Crew delivers the clue from a science lab.</a>)  The melting of ice doesn't raise the level of water because ice does <a href=""http://www.j-archive.com/media/2007-05-11_DJ_04a.jpg"" target=""_blank"">this</a> to a volume of water equivalent to its own volume when it melts"
SCIENCE,The Flintstones' pet could tell you that these parts of plankton are named in part for appendages called flagella
SCIENCE,"(<a href=""http://www.j-archive.com/media/2007-05-11_DJ_06.jpg"" target=""_blank"">Sarah of the Clue Crew shows a micrograph of an organism with radial symmetry on the monitor.</a>)  A grungy type of earth used as industrial filler is named for these beautiful symmetrical algae from which it's made"
SCIENCE,Children with this genetic disease have 3 no. 21 chromosomes instead of the usual 2
SCIENCE,"This chemist discovered several elements, including magnesium, & also invented a miner's safety lamp"
SCIENCE,Sharks first inhabited the waters during this period of the Paleozoic era named for an English county
SCIENCE,"Named for a German mathematician, it's a process for eliminating or neutralizing a magnetic field"
SCIENCE,"The atomic mass unit is also called this, after a 19th century British scientist"
SCIENCE,It's the more common name for solid CO<sub>2</sub>
SCIENCE,"(<a href=""http://www.j-archive.com/media/2008-03-11_DJ_02.jpg"" target=""_blank"">Jimmy of the Clue Crew mimics the monitor.</a> This particular exercise strengthens & tones this large muscle that covers the shoulder"
SCIENCE,"Ah, well, it's the area of light winds & calms in equatorial regions--how depressing"
SCIENCE,"With a diameter averaging about 7 miles, it's the smaller of Mars' 2 moons"
SCIENCE,"(<a href=""http://www.j-archive.com/media/2008-03-11_DJ_05.jpg"" target=""_blank"">Kelly of the Clue Crew adds drops to a beaker.</a>) When you add food coloring to water, the motions of the dye's molecules causes it to <a href=""http://www.j-archive.com/media/2008-03-11_DJ_05a.jpg"" target=""_blank"">disperse</a>, eventually filling the glass evenly through a process called this"
SCIENCE,The material left behind by a retreating glacier or the slow movement of the continents
SCIENCE,How loud you're playing your Aerosmith album is indicated by this number
SCIENCE,In 1837 this French theatrical designer invented a new type of photography
SCIENCE,Sailing ships may experience days of calm in this ocean region near the Equator
SCIENCE,"Hey, man! - that's heavy hydrogen"
LITERATURE,"It's the title of Tom Wolfe's ""fiery"" 1987 bestseller"
LITERATURE,Hemingway reportedly considered this short story about a dying novelist on African safari to be his best
LITERATURE,"""A la recherche du temps perdu"" is the French title of this Proust masterpiece"
LITERATURE,Former jeweler Clym Yeobright is the title returnee in this Thomas Hardy novel
LITERATURE,"A gentleman impersonates a king to save the title ""prisoner"" in this Anthony Hope work"
LITERATURE,"Cervantes wrote in ""Don Quixote"", ""There are only two families in the world, the Haves and"" these"
LITERATURE,"His sonnet published in 1609 began, ""Shall I compare thee to a summer's day?"""
LITERATURE,Matsuo Basho was bashing out these 3-line poems in Japan during the 17th century
LITERATURE,"In ""Alexander's Feast"" John Dryden wrote, ""None but the brave deserves"" them"
LITERATURE,"The romantic troubles in his personal life inspired his ""The School for Husbands"" & ""The School for Wives"""
LITERATURE,"Part one of this English allegory ends, ""So I awoke, and behold it was a dream"""
LITERATURE,"This character studied medicine, ""knowing it would be useful in long voyages"""
LITERATURE,"In ""Advice to a Young Tradesman"", this Pennsylvanian wrote, ""Remember that time is money"""
LITERATURE,"This Defoe title gal is... busy, yes, that's the word... what with her pickpocketing, seduction & 5 marriages & all"
LITERATURE,"A chief source of transcendentalist ideas was Immanuel Kant's 1781 ""Critique of"" this"
LITERATURE,"The satirical 1724-25 pamphlet ""Drapier's Letters"" increased this English author's fame; a ""modest"" essay followed"
LITERATURE,"Samuel Richardson's ""Pamela"" is this type of novel, written in the form of letters"
LITERATURE,"Beaumarchais' plays included ""The Barber of Seville"" & ""The Marriage of"" this man"
LITERATURE,"In 1713 Anne Finch, Lady Winchilsea, wrote a poem to this bird, 106 years before John Keats' ode"
LITERATURE,"""It's Not Unusual"" to just ""Help Yourself"" to this 1749 Henry Fielding classic"
LITERATURE,"1720's ""The Adventures of Captain Singleton"" was his next novel after ""Robinson Crusoe"""
LITERATURE,"He'd only been in America for 2 years when he published his ""Common Sense"" pamphlet in 1776"
LITERATURE,"In 2007 this novel celebrated its 50th anniversary as its manuscript, a 120-foot-long scroll, toured the U.S."
LITERATURE,"William Wells Brown's ""Clotel; or, The President's Daughter"" is about the kids this man allegedly had with a slave"
LITERATURE,"He wrote ""The Bride Comes to Yellow Sky"", ""The Blue Hotel"" & ""The Red Badge of Courage"""
LITERATURE,"Edward Bellamy's 1888 book ""Looking Backward"" sends a man to this year & doesn't mention computer bugs"
LITERATURE,Ydgrun is a goddess worshipped by residents of this Samuel Butler country
LITERATURE,"Oscar Wilde wrote ""The Picture of Dorian Gray"" & he wrote ""The Portrait of A Lady"""
LITERATURE,"You'll find whaleboats not only in his masterpiece but also in his story ""Benito Cereno"" & his novel ""Mardi"""
LITERATURE,"In ""Uncle Tom's Cabin"", St. Clare, Tom's master, is killed; Tom is then sold to this brutal, drunken planter"
LITERATURE,"In Pedro Antonio de Alarcon's ""The Three-Cornered"" this, a miller thinks his wife is having an affair with the mayor"
LITERATURE,The last name of the title character of this Thomas Hardy novel is actually Durbeyfield
LITERATURE,"For 14 years, the Abbe Faria was his fellow prisoner in the Chateau d'If"
LITERATURE,"His unladylike horror story ""The Cask of Amontillado"" was first published in Godey's Lady's Book, in 1846"
LITERATURE,The mock turtle sings a song about the lobster quadrille in this classic children's book
LITERATURE,"A scientist tests poison on his own daughter in this American author's 1840s story ""Rappaccini's Daughter"""
LITERATURE,"""The Wept of Wish-Ton-Wish"" is this author's 1829 novel about King Philip's War"
LITERATURE,"The title gem in this Wilkie Collins novel was once in the handle of a dagger owned by Tippoo, the sultan of Seringapatam"
LITERATURE,In an 1877 novel Mrs. Gordon initially suggests the name Ebony for this title character
LITERATURE,"""'How are you getting on?' said"" this animal character, ""as soon as there was mouth enough for it to speak with"""
LITERATURE,"It may ring a bell that he had ""a huge head sprouting red hair; between the two shoulders an enormous hump"""
LITERATURE,The title wrongdoing in this novel is the murder of a pawnbroker & her sister by Raskolnikov
LITERATURE,"The year before her death, 29-year-old Emily Bronte published this, her only novel"
LITERATURE,"""Knitting"", ""Still Knitting"" & ""The Knitting Done"" are chapters in this 1859 novel"
LITERATURE,"Published in 1849, ""Redburn: His FIrst Voyage"" was based on this author's first voyage as a cabin boy"
LITERATURE,"Novel in which Ishmael, feeling ""a damp, drizzly November"" in his soul, goes to work on a whaler"
LITERATURE,"In this Mark Twain story, a mechanic is knocked unconscious in a fight & awakens in Camelot in 528 A.D."
LITERATURE,"His 5 ""Leatherstocking Tales"" portray Natty Bumppo from his youth to his death over 60 years later"
LITERATURE,"Hawthorne wrote that these ""Tales"" had the ""pale tint of flowers that blossomed in too retired a shade"""
LITERATURE,"This Poe tale ends with the line ""The Inquisition was in the hands of its enemies"""
LITERATURE,"""I thought I would sail about a little and see the watery part of the world"", says this narrator"
LITERATURE,"Chapter II of this novel says, ""My eyes were not to be deceived.  I was indeed awake and among the Carpathians"""
LITERATURE,"""The Pastor and His Parishioner"" is Chapter 17 of this classic novel"
LITERATURE,Armor-clad knights face off in a game of baseball in an 1889 work by this author
LITERATURE,"A 50th anniversary edition of this fictionalized biography featured the painting seen <a href=""http://www.j-archive.com/media/2011-12-13_FJ.jpg"" target=""_blank"">here</a> on its cover"
LITERATURE,"This 1949 novel features a society dominated by such slogans as ""War is peace, freedom is slavery, ignorance is strength"""
LITERATURE,"When this title slat bridge with vine handrails broke, 5 victims were hurled to their death"
LITERATURE,"While traveling from Oklahoma to California during the Depression, she says, ""All we got is the family unbroke"""
LITERATURE,This 1946 Nikos Kazantzakis novel was narrated by a Crete mine owner who's drawn out of his shell by an elderly employee
LITERATURE,"This most popular of Zane Grey's books featured a gunslinger named Lassiter & Jane Withersteen, a Mormon heiress"
LITERATURE,"""Annie"" Sadilek, an immigrant girl from Bohemia, inspired the title character in this 1918 novel of the Great Plains"
HISTORY,"In 2001 she became the first first lady to win elective office, becoming a senator from N.Y."
HISTORY,This 2005 event is the costliest natural disaster in U.S. history
HISTORY,Benedict XVI succeeded this man as head of the Roman Catholic church in 2005
HISTORY,"This new cabinet-level department includes FEMA, the Coast Guard & Customs"
HISTORY,In 2004 7 countries that were once Soviet allies were admitted as new members of this military alliance
HISTORY,"This 100-passenger plane's final commercial flight took place on Oct. 24, 2003"
HISTORY,"He retired in 2006, 6 years after the N.Y. Post killed rumors of his demise with the headline ""Fed Head Is Not Dead"""
HISTORY,"The first Republican senator from North Carolina in the 20th century, he left the chamber in 2003"
HISTORY,In July 2001 a court in Chile ruled that this former president was too ill to stand trial
HISTORY,"Way back in 2005, & 10 years after an assassination attempt, he was reelected president of Egypt"
HISTORY,"To keep Delaware's capital away from the invading British, it was moved to this city in 1777"
HISTORY,James Oglethorpe founded Georgia in 1733 as a haven for people in trouble for this back in Britain
HISTORY,"In 1868 & again in 1880, he was succeeded as British Prime Minister by William Gladstone"
HISTORY,In 1952 the U.N. started a commission on this to make the world a less lethal place
HISTORY,"In the 16th century these assemblies of German potentates took place at Speyer, Augsburg & (yummy!) Worms"
HISTORY,He took office as the mayor of Chicago in 1989
HISTORY,Alcatraz has been called America's version of this notorious French island prison
HISTORY,"This order of inquisitorial monks, aka the Black Friars, could have been called the Black ""Fryers"""
HISTORY,On the summit of this hill in Scotland are the remains of Macbeth's castle
HISTORY,"During World War II, the Japanese repeatedly bombed this city on Australia's northern coast"
LITERATURE,Egyptian boy pharaoh's innards
LITERATURE,"""Fiddling"" Roman emperor's admired people"
LITERATURE,Carthaginian general's man-eaters
LITERATURE,First Israelite king's gun-totin' girlfriends
LITERATURE,"""Great"" Persian king's parasitic microscopic organisms"
HISTORY,"She was elected Britain's Prime Minister May 4, 1979"
HISTORY,"(<a href=""http://www.j-archive.com/media/2004-11-25_J_07.jpg"" target=""_blank"">I'm Aaron Brown of CNN.</a>)  One of my first on-air assignments for CNN was on this fateful date, reporting from a rooftop vantage point"
HISTORY,Many still remember that it was on this December date in 1941 that the U.S. officially entered World War II
HISTORY,"Referred to as ""Black Tuesday"", it's the date in 1929 that saw the final collapse of the stock market"
HISTORY,"John Marshall handed down the decision in this landmark case Feb. 24, 1803"
HISTORY,"The radio message Marconi transmitted overseas March 27, 1899 was in this code"
HISTORY,"The S.S. Ancon made the first complete trip through this, August 15, 1914"
HISTORY,"This general defeated Chief Tecumseh at the Battle of Tippecanoe on November 7, 1811"
HISTORY,"On Jan. 1, 1804 Jean-Jacques Dessalines proclaimed this current nation independent"
HISTORY,"On March 9, 1820 his daughter Maria became the first president's daughter married in the White House"
HISTORY,"Home to such early makers as Andrea Amati & Giovanni Maggini, this country is known as the violin's birthplace"
HISTORY,This pupil of Nicolo Amati devised the modern bridge & set the proportions for modern violins
HISTORY,"Established in 1626, Les 24 Violons du Roi was the orchestra of this king, the 13th of the name"
HISTORY,"A violinist, not an archer, Giuseppe Tartini helped establish the modern style of using this"
HISTORY,"A master violinist, this ""Four Seasons"" man was among the first to compose major works for the instrument"
HISTORY,"Hired to design this area in 1791, Major Pierre L'Enfant turned into a major pain & was fired a year later"
HISTORY,During this war Major Martin R. Delany became the U.S. Army's first black field officer
HISTORY,In 1990 this man moved into No. 10 Downing Street & lived there for the next 7 years
HISTORY,"In 1876 this U.S. Army major with a singular name published his ""Rules of Order"""
HISTORY,"William Dunlap, ""the Father of American Drama"", wrote a hit 1798 play about this British major who was hanged"
HISTORY,Iolani Palace in Honolulu was seen as the headquarters for the state police unit on this '70s TV series
HISTORY,"This small Scandinavian country's parliament meets at Christiansborg Palace, the fifth on the same site"
HISTORY,"(<a href=""http://www.j-archive.com/media/2010-10-04_DJ_19a.jpg"" target=""_blank"">Sarah of the Clue Crew stands in front of the Chilean presidential palace.</a>) The presidential palace in Santiago, Chile looks a lot more peaceful than on September 11, 1973, when it was attacked & <a href=""http://www.j-archive.com/media/2010-10-04_DJ_19b.jpg"" target=""_blank"">this</a> man was violently thrown from power"
HISTORY,"Japan's Imperial Palace is on the former site of this castle, also the old name for Tokyo"
HISTORY,"This borough of greater London put a plaque on the ""timely"" site of the old palace where Elizabeth I was born"
HISTORY,"The Huntington Library has some jewels--a manuscript of ""The Canterbury Tales"" (c. 1410) & one of his Bibles (c. 1455)"
HISTORY,"Hebrew university has his archives--digitized, too, so you can see his notes on relativity in his hand"
HISTORY,Apollo astronauts collected 841 pounds of these (most are stored at Johnson space center)
HISTORY,"A 17-ton piece of its hull was recovered from its wreckage site, 450 miles off the coast of Newfoundland"
HISTORY,"The oldest artifact in D.C.'s Newseum is a 3,200-year-old Sumerian brick that spread the news using this writing system"
HISTORY,1985: The national finals in this 5-letter cowboy competition are held in Vegas for the first time
HISTORY,1967: This magical duo make their Las Vegas debut at the Tropicana
HISTORY,1969: His 57-show engagement at the International Hotel breaks existing Vegas attendance records
HISTORY,"1968: This double-named place opens as the first major ""family-friendly"" casino"
HISTORY,1967: Motorcycle daredevil Evel Knievel attempts a jump over this casino's fountains
HISTORY,"The 2006 New York Times headline on Western Union's last telegram used this word, telegrams' version of a period"
HISTORY,"Like the railroad would in 1869, the telegraph went transcontinental by linking up in this state, in 1861"
HISTORY,"In 1866 Western Union had the ""heart"" to introduce the first of these stock-price reporting devices"
HISTORY,Western Union introduced the first of these deferred-payment instruments in 1914; it was made of metal
HISTORY,In 1964 Western Union began using these high-frequency beams transcontinentally to replace land lines
HISTORY,"He traveled the world & beyond with his novels ""Poland"", ""Caribbean"" & ""Space"""
HISTORY,"Roddy Doyle chronicles life in this country in ""Paddy Clark Ha Ha Ha"" & ""The Woman Who Walked into Doors"""
HISTORY,"Born in Edinburgh in 1771, he's considered the first major historical novelist"
HISTORY,"This author's ""Noble House"" follows the tea trading business in Hong Kong & China"
HISTORY,"People might see a theme in his ""Washington, D.C."", ""Hollywood"" & ""Julian"", about restoring paganism in Rome"
HISTORY,She was born Emilie Charlotte Le Breton on the island of Jersey in 1853
HISTORY,In 2008 a group known as MEND launched a war that cut Nigeria's exports of this by 40%
HISTORY,"(<a href=""http://www.j-archive.com/media/2010-02-12_DJ_03.jpg"" target=""_blank"">I'm author and journalist Helene Cooper.</a>) In 1847 a government based on that of the U.S. was established by free black men & former slaves in the West African nation they called this"
HISTORY,Work on a bridge over the Tsavo River was badly hampered in 1898 when 2 of these mammals ate 140 workers
HISTORY,"Aksum, centered in Ethiopia, became a great trading empire around 100 A.D. by controlling this sea"
HISTORY,"A kingdom of West Central Africa founded around 1390 is called this, like 2 current countries, but spelled with a K"
HISTORY,In the 1500s the Portuguese transported Angolans as slaves to this South American colony
HISTORY,In 1969 General Siad Barre led a military coup in this country on the horn of Africa
HISTORY,Shaka increased the population of this tribe by absorbing his defeated enemies into it
HISTORY,This west African country takes its name from a trading empire that once included Timbuktu
HISTORY,Zenodotus of Ephesus was this ancient library's first librarian
HISTORY,This country's 1954-1962 struggle for independence caused a million Europeans to leave it
HISTORY,Stanley found Livingstone in this country that merged with Zanzibar in 1964
HISTORY,"450 years of Portuguese rule ended for this SE African nation when it became independent June 25, 1975"
HISTORY,Burton & Speke explored the Nile & Mungo Park explored this West African river
HISTORY,"After being crowned emporor of Ethiopia in 1930, he introduced a written constitution & abolished slavery"
HISTORY,"When Shaka took over this future empire, tribesmen probably numbered fewer than 1,500"
HISTORY,The Phoenicians built a wall over 20 miles in circumference around this ancient north African city
HISTORY,"In 1975 Cuba sent nearly 18,000 troops to aid guerrilla fighters in this country"
HISTORY,"Although this country gained its independence in 1990, South Africa kept its port of Walvis Bay for another 4 years"
HISTORY,In the 1860s John Hanning Speke concluded that Lake Victoria was the source of this river
HISTORY,In 1870 a rich diamond field was found where this country's city of Kimberley now stands
HISTORY,In 1931 this emperor gave Ethopia its first written constitution
HISTORY,"In 1936 this 16-year-old succeeded his father, Fuad I, as king of Egypt"
HISTORY,In 1992 President Mobuto agreed to share power with Etienne Tshisekedi in this central African country
HISTORY,The Organization of African Unity was founded in 1963 at a conference in this Ethiopian capital
HISTORY,This trade in Africans was long practiced by Arabs but increased with the New World's plantations
HISTORY,"Black ""homelands"" called Bantustans were part of this South African system of segregation"
HISTORY,In 1873 the heart of this doctor & missionary was buried under a tree in Africa
HISTORY,The medieval Ouagadougou Empire was built on the upper reaches of this river
HISTORY,"Ruth Perry, modern Africa's first female head of state, headed a transitional government in this country in 1996"
HISTORY,"This Scottish discoverer of the Victoria Falls was ""found"" by Henry Stanley in November 1871"
HISTORY,In 1895 this British diamond king had a colony named for himself
HISTORY,"To protect against piracy in the 18th century, the U.S. made payoffs to this group of north African states"
HISTORY,In 1975 this country's colony of Angola became the last European colony to gain independence
HISTORY,This dynasty ruled Egypt from 323 B.C. until the suicide death of Cleopatra in 30 B.C.
HISTORY,The first of these structures was built for King Zoser in Saqqarah in the 27th Century B.C.
HISTORY,The Mau Mau movement recruited from the Kikuyu people of this country
HISTORY,In 711 the Moors launched their conquest of Spain from what is now this country
HISTORY,"On April 6, 1994 Rwandan president Habyarimana died in a plane crash with president Ntaryamira of this country"
HISTORY,"As Bishop of Hippo, a Roman city in north Africa, this saint judged civil court cases"
HISTORY,"The earliest humans in Gabon are believed to be the Babinga, a branch of these small-in-stature people"
HISTORY,"In 1936, at the age of 16, Farouk succeeded his father King Fuad I as king of this country"
HISTORY,A 1978 U.N. resolution to decolonize this South African territory began to be implemented in 1989
HISTORY,In 1498 this Portuguese explorer rounded South Africa & became the first European to reach Mozambique
HISTORY,In 1890 this British financier & empire builder was elected prime minister of Cape Colony
HISTORY,The ANC suspended talks with this country's government after the 1992 Boiphatong Massacre
HISTORY,"In the 1970s, as many as 18,000 troops from this Caribbean country fought in Angola's civil war"
HISTORY,"The ruins of this city destroyed by Rome in 146 B.C. are a 20-minute drive from Tunis, Tunisia"
HISTORY,"Sadiq Al-Mahdi, great-grandson of the Mahdi, led this largest African country from 1986-1989"
HISTORY,In 1963 Ahmed Ben Bella became the first president of this north African country
HISTORY,Segregation was in effect long before this country formally introduced apartheid in 1948
HISTORY,"Within 100 years of this religion's founding in Arabia, its followers dominated north Africa"
HISTORY,Italy's 1935 invasion of this country was the last European conquest on the continent
HISTORY,"Mohammed Farah Aidid, a warlord of this country who battled U.S. forces in 1993, died in 1996"
HISTORY,"At its independence in 1957, the Gold Coast took the name of this medieval west African empire"
HISTORY,"In 1899 Sudan came under a condominium, not an apartment but joint rule by this neighbor & Britain"
HISTORY,"The main natural cause of famine, it struck the Sahel region from 1968 to 1985"
HISTORY,"One of the few stimulants allowed in Islam, this soft drink ""nut"" was a cash cow for Medieval Guinea"
HISTORY,In 1994 Rwanda's Hutu people carried out genocidal attacks on this minority
HISTORY,Leaders in this movement to unite the continent included Kwame Nkrumah & W.E.B. Du Bois
SCIENCE,"This white, glossy coating on your teeth is the hardest substance in the human body"
SCIENCE,The time it takes for 50% of the atoms to decay in a radioactive substance is called this
SCIENCE,"While compounds of this element are added to table salt, in its pure form it's quite poisonous"
SCIENCE,"The ""super"" class of these stars, the largest known, includes Antares & Betelgeuse"
SCIENCE,"On the pH scale, a pH of 7 indicates this type of solution"
SCIENCE,In 1869 this Austrian monk published a paper on hawkweed: the experiments didn't work as well as the ones with peas
SCIENCE,Unusual names borne by these celestial objects include 3834 Zappafrank & 10221 Kubrick
SCIENCE,"(<a href=""http://www.j-archive.com/media/2010-02-08_DJ_10.jpg"" target=""_blank"">Jimmy of the Clue Crew holds a bicycle wheel</a>)  When I torque a spinning bike wheel, an equal and opposite torque causes me to rotate also, an illustration of the conservation of angular this"
SCIENCE,This 4-letter neutral compound is produced by the reaction of an acid & a base
SCIENCE,"Plants having these underground stems, from the Greek for ""root"", include irises, bamboo & wild ginger"
SCIENCE,This method of preserving food by killing bacteria was developed by a French chemist in the 1860s
SCIENCE,In 1906 she succeeded her husband as professor of physics at the Sorbonne
SCIENCE,"The ""master plan of all life"", it consists of thymine, adenine, guanine, cytosine, phosphate & deoxyribose"
SCIENCE,"Of the noble gases, it's first, alphabetically, was the first discovered & is the most abundant in air"
SCIENCE,This tiny planet's thin atmosphere is mostly composed of helium & sodium thought to come from the solar wind
SCIENCE,This alliterative event happened 14 billion years ago
SCIENCE,A hydrate contains this compound weakly bound in its crystals
SCIENCE,"Of the 3 main classes of rock, this one is further divided into plutonic & volcanic types"
SCIENCE,"The IRAS telescope, which revealed 5 new comets, made its observations in this part of the light spectrum"
SCIENCE,This branch of medicine is devoted to the care & diseases of the elderly
SCIENCE,"Biologically speaking, something that is subcutaneous is beneath this"
SCIENCE,A mixture of 2 or more metals; alnico is a magnetic one
SCIENCE,"In the Northern Hemisphere, the summer one of these is on June 21 or 22, the longest day of the year"
SCIENCE,"Matter has the ""potential"" form of this by virtue of its position or structure"
SCIENCE,"Normally, the periods of this type of sleep are short early in the night, then lengthen"
SCIENCE,"2 nebulae lie within this constellation, the Hunter:  the Great Nebula & the Horsehead Nebula"
SCIENCE,"According to Boyle's Law, when a gas is compressed to half its size, this doubles"
SCIENCE,"All amino acids contain carbon, hydrogen, oxygen & this element"
SCIENCE,"This instrument is used to check the density of liquids, such as the acid in a storage battery"
SCIENCE,In 1905 this physicist proposed that photons were the carriers of electromagnetic energy
SCIENCE,If run in reverse an electric motor becomes one of these devices that produces electric current
SCIENCE,It's the branch of biology dealing with heredity; everybody into the pool!
SCIENCE,It's found in layered beds or as nodules in chalk; early man chipped it to form tools
SCIENCE,Tube that forms the basis of an oscilloscope
SCIENCE,This propulsion proposed for interstellar trips uses a flow of electrons & has been tested in Earth orbit
SCIENCE,A hydrate contains this compound weakly bound in its crystals
SCIENCE,"Of the 3 main classes of rock, this one is further divided into plutonic & volcanic types"
SCIENCE,"The IRAS telescope, which discovered 5 comets, made its observations in this spectrum of light"
SCIENCE,This branch of medicine is concerned with the care & diseases of the elderly
SCIENCE,Electrum is an alloy of these 2 precious metals
SCIENCE,Andres Celsius & Gabriel Fahrenheit invented types of these that use different scales
SCIENCE,"Fractus, congestus & humilis are terms used to describe these aerial formations"
SCIENCE,"Projecting from the cecum, where the small & large intestines meet, is this non functional organ"
SCIENCE,In 1862 Darwin published a book on how orchids are fertilized by these creatures
SCIENCE,It's the terrestrial planet farthest from the sun
SCIENCE,"The mammalian order edentata has 3 families:  anteaters, armadillos & these slow movers"
SCIENCE,This 3-letter substance that carries the genetic code directs the production of RNA
SCIENCE,This tiny center region of an atom consists of protons & neutrons
SCIENCE,"The science of acoustics studies how these waves are created, transmitted & received"
SCIENCE,"Of Venus, Mars or Saturn, the planet whose mean distance from the sun is 67,230,000 miles"
SCIENCE,"In the chemical formula for propane, C3H8, the H stands for hydrogen & the C stands for this element"
SCIENCE,"Anthracite, the highest grade of coal, is composed almost entirely of this element"
SCIENCE,Scientists once tried to estimate the Earth's age by measuring the level of this substance in the ocean
SCIENCE,"Aircraft often use the ""gyro"" type of this instrument, as it's unaffected by local magnetic fields"
SCIENCE,About 70% of this pungent gas produced is converted into fertilizer
SCIENCE,Nearly all of the Earth's weather occurs in this layer of the atmosphere below the stratosphere
SCIENCE,-40 is the only reading on these 2 temperature scales where the temperature is the same
SCIENCE,"When hit by electrons, a phosphor gives off electromagnetic energy in this form"
SCIENCE,Dry ice is made by compressing and cooling this gas
SCIENCE,In 1931 2 Americans modified the Mercalli scale to measure the intensity of these in California
SCIENCE,There were only 63 known elements when this Russian devised the periodic table
SCIENCE,The Earth's crust consists of about 46% oxygen; this element is second most abundant at about 28%
SCIENCE,Mayonnaise is an example of this colloidal dispersion of liquid particles in another liquid
SCIENCE,In 1896 this French scientist accidentally discovered radioactivity while researching fluorescence
SCIENCE,"In 1997 2 Dutch growers unveiled ""Blackjack"", the darkest species of this flower developed"
SCIENCE,They're the 2 poles of a permanent bar magnet
SCIENCE,This line of visible condensation of water droplets occurs in the wake of a jet aircraft
SCIENCE,This outer planet discovered by Herschel has a 98-degree axial tilt & solstices 42 years apart
SCIENCE,Rotting meat may glow because bacteria exhibit the phenomenon called this
SCIENCE,"Technically, the measure of a body's inertia is known as this property of matter"
SCIENCE,In palynology scientists study the past distribution of seed plants by looking at grains of this
SCIENCE,"(<a href=""http://www.j-archive.com/media/2011-06-23_J_03.wmv"">Kelly of the Clue Crew drops a spoonful of something into some hot water, then shapes it in her hand.</a>)  The polymer here has a melting point of only 140 degrees Fahrenheit, so it can be shaped & molded by hand; it's this kind of material, from the Greek for ""heat formed"""
SCIENCE,"In 1674 this Dutchman, using microscopes that he made, became the first to describe red blood cells"
SCIENCE,The proton consists of 2 types of this elementary particle: 2 up & 1 down
SCIENCE,Geologists called stratigraphers are involved with determining the earth's age & history by looking at layers of these
SCIENCE,"Using spectrometry, you'll find that helium produces a bright line of this color"
SCIENCE,A block & tackle uses 2 or more of this simple machine to reduce the amount of effort needed to lift a load
SCIENCE,"Types of seismic waves include L, P & S, which stand for love, primary & this"
SCIENCE,Diatoms are among the most numerous of these plantlike plankton that drift with the ocean currents
SCIENCE,Perseus is one of these configurations: it lies between Cassiopeia & Taurus
SCIENCE,"Lovelace wrote that they don't make a cage; in the 1820s, William Sturgeon made electromagnets out of them"
SCIENCE,Light that bounces off a flat surface is reflected; light bent in a transparent medium is this
SCIENCE,"(<a href=""http://www.j-archive.com/media/2004-12-06_DJ_09.jpg"" target=""_blank"">Jimmy of the Clue Crew reads from inside the Cirque du Soleil with performers on the stage.</a>)  From the type of simple machine a teeter board is, it's the 8-letter term for what's throwing them up in the air"
SCIENCE,"This new field of science whose name in part means ""billionth"" constructs superminiature devices"
SCIENCE,Water is fluoridated to help prevent these body parts from decaying
SCIENCE,Myocarditis is the inflammation of this muscle
SCIENCE,A dilute solution of this acid forms the electrolyte in a lead-acid car battery
SCIENCE,"Its symbol K comes from kalium, a Latinized version of the Arabic word for alkali"
SCIENCE,It's the type of energy a body possesses by virtue of its movement
SCIENCE,"g. Acceleration due to this, varies slightly with latitude since the Earth is not a perfect sphere"
SCIENCE,"Riboflavin deficiency can cause photophobia, abnormal sensitivity to this"
SCIENCE,This malaria-fighting substance is extracted from the bark of the cinchona tree
SCIENCE,"This, sound composed of a random mix of frequencies, comes in ""white"" & ""pink"" types"
SCIENCE,"Titan, a moon of this planet, has a thicker atmosphere than Earth"
SCIENCE,"In weather forecasting, the UV index refers to the intensity of this type of radiation"
SCIENCE,"Whether alternating or direct, it's a flow of electricity"
SCIENCE,The Babylonians kept abreast of the times using a form of this instrument seen here:
SCIENCE,"Since limestone undergoes changes to become marble, marble is classified as this type of rock"
SCIENCE,"""For every action there's an equal & opposite reaction"" is Newton's third law of this"
SCIENCE,"Deoxyribonucleic acid, the genetic material of all cells is better known by this abbreviation"
SCIENCE,It's the term for molten rock flowing from a volcano or other fissure in the Earth's surface
SCIENCE,"The name of this violent tropical cyclone of the Western Pacific comes from Cantonese for ""Big Wind"""
SCIENCE,"Sweeter than sucrose or glucose, this fruit sugar is also called levulose"
SCIENCE,This word can mean unable to produce offspring or free from living microorganisms
SCIENCE,"In this type of simple machine, a version of the inclined plane, rotational force is translated into linear force"
SCIENCE,All existing species of these have placentas except marsupials & monotremes
SCIENCE,This Saturnian moon is the only one in the solar system known to have clouds
SCIENCE,"In the U.S. the ""stately"" time divisions in the Carboniferous Period are called the Mississippian & this"
SCIENCE,"It's the ""specific"" ratio between the density of pure water & that of another substance; for gold, it's 19.3"
SCIENCE,Archaeologists measure the fluorine in these animal remains to determine their relative age
SCIENCE,"Ideally, this, the apparent boundary between the sky & the Earth, is at 90 degrees from the zenith"
SCIENCE,Pumice is a variety of this type of rock formed when lava cools
SCIENCE,The neon in a sign produces light when electricity ionizes it into this fourth state of matter
SCIENCE,This creator of the Periodic Table has an element named for him in the actinide series
SCIENCE,"Generally yellow or orange, it's transferred from flower to flower by wind, birds & insects"
SCIENCE,The ratio of the speed of an object to the speed of sound is known as this type of number
SCIENCE,The Haber process is a method for manufacturing this toxic gas from nitrogen
SCIENCE,"A horse's hooves are made up of this protein, the same protein found in your fingernails"
SCIENCE,Quarks are bound together by hypothetical force particles called these
SCIENCE,"It's the celestial object on which you'd find Tycho, Oceanus Procellarum & Mare Imbrium"
SCIENCE,"Charles Darwin wrote, ""The voyage of"" this ship ""has been by far the most important event in my life"""
SCIENCE,Zacharias Janssen is said to have invented the compound this by placing convex lenses at both ends of a tube
SCIENCE,"This plant-eating dinosaur's name, which means ""cover lizard"", refers to the triangular plates along its back"
SCIENCE,This brownish-black pigment gives the iris in the eye its color
SCIENCE,"The ""rex"" in this dinosaur's name is Latin for ""king"", so you could say it's the ""King of the Dinosaurs"""
SCIENCE,This doggone physiologist discovered that the vagus nerve controls the flow of digestive juices
SCIENCE,"In 1851 this ""swinger"" used a pendulum to show that the Earth rotates on its axis"
SCIENCE,"On June 22, 1978 James W. Christy discovered Charon, a moon orbiting this distant planet"
SCIENCE,"Hydrogen has 3 isotopes:  protium, tritium & this one with a mass number of 2"
SCIENCE,"Like our moon, only one side of Titan, this planet's satellite, always faces the planet's surface"
SCIENCE,This aluminum ore is named for the French village near where it was discovered in 1821
SCIENCE,"These organisms derive their individual species names from the fungal partner, not the algal partner"
SCIENCE,The horizontal rows on the periodic table are periods; vertical columns of related elements are these
SCIENCE,Such cave formations as stalactites & stalagmites form when this mineral accumulates
SCIENCE,Albert Einstein announced his special theory of this in 1905 & his general theory in 1915
SCIENCE,"Under the oceans, this part of the Earth is generally only 3-5 miles thick"
SCIENCE,"Chalk & limestone are naturally occurring forms of this compound, CaCO<sub>3</sub>"
SCIENCE,"Ammonia, widely used as a refrigerant & cleaner, is composed of hydrogen & this element"
SCIENCE,Proteins such as pepsin & rennin that act as catalysts in the body are termed these
SCIENCE,"Using this form of electromagnetic radiation, you can cook an entire chicken in 15 minutes"
SCIENCE,The mineral argentite is an important ore of this metal
SCIENCE,"Marble, which is formed from limestone, is an example of this type of changing rock"
SCIENCE,Callisto is the outermost of this planet's four Galilean moons
SCIENCE,"With 2 neutrons & 2 protons, an alpha particle is identical to the nucleus of an atom of this gas"
SCIENCE,99.95% of the mass of an atom is in this part
SCIENCE,"During this plant process, carbon dioxide & water combine with light energy to create oxygen & glucose"
SCIENCE,The wedge is an adaptation of the simple machine called the inclined this
SCIENCE,"Of the 6 noble gases on the periodic table, it is the lightest"
SCIENCE,Lava & igneous rock are formed from this hot liquid rock material found under the earth's crust
SCIENCE,"(Cheryl of the Clue Crew reports from Colorado)  As snowflakes are frozen water vapor, they're made up of these 2 chemical elements"
SCIENCE,The forked type of this runs unobstructed between the clouds & the ground
SCIENCE,(Sofia of the Clue Crew reports from New York's Central Park)  Autumn leaves turn golden red as shorter days & cooler nights cause the breakdown of this green pigment
SCIENCE,"The frequency of a note is measured in this, abbreviated Hz"
SCIENCE,"(Sofia of the Clue Crew reports)  Botanists divide a flower into four main parts: sepals, petals, stamens & these"
SCIENCE,The difference between the freezing & boiling points of water is 100 on the Kelvin scale & this scale
SCIENCE,Geneticists know that human beings typically have 23 pairs of these; fruit flies have only 4 pairs
SCIENCE,"(<a href=""http://www.j-archive.com/media/2006-04-26_DJ_08.jpg"" target=""_blank"">Kelly of the Clue Crew drops a raisin into a glass and watches it bob back up.</a>)  A raisin in soda sinks because it's denser, & it <a href=""http://www.j-archive.com/media/2006-04-26_DJ_08a.jpg"" target=""_blank"">rises</a> because CO<sub>2</sub> pockets make it more this, from the Spanish for ""float"""
SCIENCE,A litmus test can help you set things on this scale devised by S.P.L. Sorensen
SCIENCE,"(<a href=""http://www.j-archive.com/media/2006-04-26_DJ_10.jpg"" target=""_blank"">Kelly of the Clue Crew shows a diagram of the brain on a monitor.</a>)  Descartes called <a href=""http://www.j-archive.com/media/2006-04-26_DJ_10a.jpg"" target=""_blank"">this</a> gland ""the seat of the rational soul"", & it's named for its pinecone-shaped appearance"
SCIENCE,"Your body has millions of these glands, up to 625 per square inch of skin, & they're probably now working overtime"
SCIENCE,Total number of sides on a Klein bottle or a Mobius strip
SCIENCE,"If the solar system's 9 planets were lined up smallest to largest, Earth would be this number in line"
SCIENCE,This prized natural substance is made up of alternating thin plates of calcium carbonate & chochiolin
SCIENCE,What we call a Thermos goes back to the flask this scientist invented in the 1890s
SCIENCE,Solar flares are associated with these dark areas that peak about every 11 years
SCIENCE,"In general terms, as opposed to carnivore, it's defined as an animal that eats mostly plants"
SCIENCE,These gene-carrying structures are distinguished by haploid & diploid numbers
SCIENCE,Argentite is an ore of this metal
SCIENCE,"John Abel, who produced insulin in a crystalline form in 1926, felt a rush when he isolated this hormone in 1897"
SCIENCE,This force causes an object to travel 32 feet per second faster for every second that it falls
SCIENCE,"A substance whose molecules contain more than one kind of atom, like water's hydrogen & oxygen atoms"
SCIENCE,This one of the 6 simple machines consists of a bar resting on a fulcrum
SCIENCE,"Including the cytoplasm, this jellylike material makes up the cells of all living organisms"
SCIENCE,"The name of this lightest of all metals, symbol Li, comes from the Greek for ""stone"""
SCIENCE,"From the Flemish pronunciation of ""chaos"". Jan van Helmont coined this term for air that wasn't air"
SCIENCE,"Scientists believe that, like humans, many dinosaurs were endothermic, which means this"
SCIENCE,The geologic period named for this coal-producing U.S. state is also called the Late Carboniferous Epoch
SCIENCE,"(<a href=""http://www.j-archive.com/media/2010-06-16_DJ_18.wmv"">Kelly of the Clue Crew dissects and demonstrates a doorknob.</a>)  A doorknob acts as a force multiplier, with a larger knob turning a smaller attached shaft--an example of this simple machine"
SCIENCE,These 2-syllable fragments of clay vessels found at archaeological digs help us learn about a culture
SCIENCE,"In a human being, each cell has about 25,000 of these basic units of heredity"
SCIENCE,"In 1897 physicist J.J. Thomson discovered the first subatomic particle, which was later called this"
SCIENCE,"This rocky, outermost layer of the earth is only 5 miles thick under the oceans, 25 miles under the continents"
SCIENCE,The centaur/archer of this constellation is said to be Chiron
SCIENCE,"(<a href=""http://www.j-archive.com/media/2007-04-02_DJ_15.jpg"" target=""_blank"">Kelly of the Clue Crew experiments with water and a paper clip.</a>)  Drop a paper clip into water, it sinks; drop it onto a paper towel, & because of the attraction of molecules of the same substance, called cohesion, this condition is created that seems to form a skin, allowing it to <a href=""http://www.j-archive.com/media/2007-04-02_DJ_15a.jpg"" target=""_blank"">float</a>"
SCIENCE,-459.67 degrees Fahrenheit
SCIENCE,Specific term for the scientific study of seashells
SCIENCE,This 11-letter word refers to DNA to which a gene from another life form has been added
SCIENCE,This Russian chemist used his periodic law to predict the properties of 3 then unknown elements
SCIENCE,"In this type of solar eclipse, the sun appears as a ring of light around the moon"
SCIENCE,"This insulin disorder, the seventh leading cause of death in the U.S., can lead to kidney failure & amputations"
SCIENCE,"[Here comes Bill Nye, The Science Guy]  The north pole on a bar magnet will attract this pole on another bar magnet"
SCIENCE,"A ""Mission to"" this planet would be about 34.6 million miles, or its closest approach to Earth"
SCIENCE,"Friction, as when a brake pad slows a wheel, converts kinetic energy into this"
SCIENCE,Adjective for the simplest type of vibratory motion; it's seen (& heard) in violin strings
SCIENCE,The largest one on the moon is about 700 miles in diameter; there are billions at least 1 foot wide
SCIENCE,An analogy: moth is to caterpillar as frog is to this
SCIENCE,"The tympanic membrane is this organ's ""drum"""
SCIENCE,"What fish do to make more fish, or a Todd McFarlane character"
SCIENCE,"2-word phrase for the property that allows the effect seen <a href=""http://www.j-archive.com/media/1997-11-04_J_23.wmv"">here</a>:"
SCIENCE,Emil Fischer must have been in a coffeehouse when he identified this stimulant as part of the purine group
SCIENCE,"From the Latin for ""to lie upon"", these hospital machines are used to help control preemies' oxygen supplies"
SCIENCE,"(Sofia of the Clue Crew in a science lab)  With chicken manure & water you can make an anaerobic digester that produces this gas, CH4, which can be used as a fuel"
SCIENCE,During the 1970s this British physicist made the unexpected discovery that black holes emit thermal radiation
SCIENCE,Seen here is this 2-time Nobel Prize-winning scientist
SCIENCE,"This ""Age"" is divided into the Paleolithic, the Mesolithic, & the Neolithic"
SCIENCE,"(<a href=""http://www.j-archive.com/media/2008-01-02_DJ_12.jpg"" target=""_blank"">Sarah of the Clue Crew gives the clue.</a>) We've rubbed the pigment of a radish on these cards; <a href=""http://www.j-archive.com/media/2008-01-02_DJ_12a.jpg"" target=""_blank"">lemon juice</a> turns the pigment orange, indicating that it's an acid; <a href=""http://www.j-archive.com/media/2008-01-02_DJ_12b.jpg"" target=""_blank"">milk of magnesia</a> turns it blue, indicating that it's this"
SCIENCE,"As a visiting scientist to this Caltech lab, Carl Sagan contributed to the first missions to Venus"
SCIENCE,"Gustav Kirchhoff & Robert Bunsen used this prismed ""scope"" to see the bands of colored light each element produced"
SCIENCE,"Named for a physicist, it's the amount of work done when 1 amp passes through 1 ohm of resistance for 1 second"
SCIENCE,"This word can mean to weaken a solution by adding water, or can describe a solution that's been weakened"
SCIENCE,"Because he wrote his books in Latin, Swedish botanist Carl von Linne was better known by this Latinized name"
SCIENCE,"The symbol of this element stands for stannum, which originally denoted an alloy of lead & silver"
SCIENCE,"The uvea in the eye consists of 3 parts: the choroid, the ciliary body & this colored part lying behind the cornea"
SCIENCE,"There are about 20,000 species of this organism that consists of an alga & a fungus living as a single unit"
SCIENCE,The Faraday effect shows how this type of field can rotate the vibration plane of a beam of polarized light
SCIENCE,"Geysers of what is probably nitrogen rise as high as 5 miles on Triton, this planet's largest moon"
SCIENCE,"According to string theory, our universe has at least this many dimensions, but 6 are ""curled up"" & hard to see"
SCIENCE,"By definition, organic compounds must contain atoms of this element"
SCIENCE,"The name of this science comes from 2 Greek words meaning ""Earth discussion"""
SCIENCE,This threadlike structure found in cells is made up largely of proteins & DNA
SCIENCE,This stage of complete metamorphosis occurs immediately after the larval stage
SCIENCE,This bottom part of the brain stem controls breathing & heartbeat
